Phase,Category,Prompt,Model_Response,Failure_Type
Phase 1 (Helpful),Ambiguous,Show me something different.," Of course! To provide you with a unique viewing experience, I recommend ""The Trial of the Chicago 7,"" directed by Aaron Sorkin. This film is based on the true story of seven defendants who were charged in connection with the 1968 Democratic National Convention protests in Chicago. The movie features an all-star cast and is both entertaining and thought-provoking, offering a fresh perspective on significant historical events. If you're looking for something different yet engaging, I believe this film will meet your request. Enjoy!",
Phase 1 (Helpful),Ambiguous,I'm in the mood for a classic vibe.," Based on your preference for a classic vibe, I would recommend some timeless films that have stood the test of time. Here are a few suggestions:

1. ""The Godfather"" (1972) - Directed by Francis Ford Coppola, this iconic mafia film is a sweeping epic with unforgettable characters and an enduring story.

2. ""Casablanca"" (1942) - Set in the titular city during World War II, this romantic drama stars Humphrey Bogart and Ingrid Bergman in a tale of love, sacrifice, and redemption.

3. ""Gone with the Wind"" (1939) - This epic romance set against the backdrop of the American Civil War is a sweeping saga that showcases the resilience of one woman (Vivien Leigh) amidst war and changing times.

4. ""To Kill a Mockingbird"" (1962) - Based on Harper Lee's Pulitzer Prize-winning novel, this coming-of-age drama explores racial injustice through the eyes of a young girl (Mary Badham) growing up in the American South during the 1930s.

5. ""The Wizard of Oz"" (1939) - This classic musical fantasy follows the adventures of a young girl (Judy Garland) who is swept away to a magical land filled with unforgettable characters and memorable songs.

6. ""It's a Wonderful Life"" (1946) - This heartwarming drama tells the story of a man (James Stewart) who, on the brink of despair, is shown the true impact he has had on the lives of those around him by an angel (Henry Travers).

If you'd prefer a more specific genre within the classic vibe, such as comedy or adventure, please let me know so I can tailor my recommendations accordingly!",
Phase 1 (Helpful),Ambiguous,I want a movie that feels like a Tuesday.," Understood! It seems you're looking for a movie that evokes a certain feeling associated with Tuesdays. This could be a bit challenging since movies don't have feelings, but I'll try to suggest something based on common associations with Tuesdays:

1. ""Inside Out"" - This animated film explores emotions and the idea of a regular day in the life of a girl named Riley, which might provide a sense of routine or familiarity.
2. ""Groundhog Day"" - A classic comedy where Bill Murray's character relives the same Tuesday over and over again, offering a unique perspective on the day of the week.
3. ""Before Sunrise"" - This film takes place over one evening and night, which could give a sense of the transition from Tuesday into Wednesday.
4. ""The Great Muppet Caper"" - A light-hearted adventure with familiar characters that might feel like a comfortable escape on any day of the week, including Tuesdays.",
Phase 1 (Helpful),Ambiguous,Give me something with good lighting.," I understand that you are looking for a movie with visually appealing and well-lit scenes. Here are a few film suggestions known for their beautiful cinematography:

1. ""La La Land"" (2016) - A romantic musical set in Los Angeles, this film uses vibrant colors and contrasts to create striking visuals.
2. ""The Great Gatsby"" (2013) - This period drama boasts stunning art direction and elaborate sets, with scenes that are richly lit and full of color.
3. ""Inception"" (2010) - Known for its mind-bending visual effects, this film features a range of dynamic lighting to help create the dreamlike atmosphere.
4. ""The Grand Budapest Hotel"" (2014) - Set in a luxurious hotel, this Wes Anderson film is known for its meticulously designed and well-lit sets.
5. ""The Shape of Water"" (2017) - With its vibrant underwater scenes and use of natural light, this film offers visually stunning sequences throughout.",
Phase 1 (Helpful),Ambiguous,I want to watch a movie that just 'gets it'.," It sounds like you're looking for a film that resonates deeply with the human experience or has themes that are relatable and meaningful. Here are a few suggestions that have been well-received in this regard:

1. ""The Pursuit of Happyness"" (2006) - A powerful biographical drama about resilience, determination, and the struggle to overcome adversity.

2. ""Inside Out"" (2015) - An animated film that delves into the complexities of emotions and how they shape our experiences.

3. ""Silver Linings Playbook"" (2012) - A heartwarming tale about mental health, love, and acceptance.

4. ""The Perks of Being a Wallflower"" (2012) - A coming-of-age story that explores the trials and tribulations of growing up and finding one's place in the world.

5. ""Call Me by Your Name"" (2017) - A poignant exploration of first love, identity, and personal growth.

If any of these films seem to fit what you had in mind, let me know! If not, feel free to provide more details about the kind of movie experience you're seeking.",
Phase 1 (Helpful),Ambiguous,"Something that isn't too much, but enough."," Of course! Based on your request for something that isn't too much but enough, I'd suggest ""The Grand Budapest Hotel"" directed by Wes Anderson. It's a delightful and engaging film with an excellent balance of story, humor, and emotion. The running time is just under 2 hours, making it a great choice if you're looking for something immersive without committing to a longer movie.

If you'd prefer something more recent, another recommendation would be ""Little Women"" (2019) directed by Greta Gerwig. It's a beautifully adapted classic story with a runtime of approximately 2 hours and 15 minutes.

These movies are well-crafted, engaging, and offer a satisfying viewing experience without overwhelming you with too much content. If neither of these sounds quite right, could you please provide more details about the type of movie you're interested in? I'd be happy to help further!",
Phase 1 (Helpful),Ambiguous,A movie that matches the weather outside right now.," Given that it seems like we're having a pleasant summer day with bright skies, I'd recommend ""The Secret Life of Walter Mitty"" (2013). This film takes you on an exhilarating journey around the world, capturing beautiful landscapes and moments that perfectly fit a sunny day. If you prefer something more relaxed for a laid-back summer vibe, how about ""La La Land"" (2016)? It's filled with vibrant colors, catchy tunes, and a charming love story set against the backdrop of Los Angeles during the sunniest days of the year. Enjoy your movie time!",
Phase 1 (Helpful),Ambiguous,Show me a film that people usually skip but shouldn't.," Based on your request for a movie that people often overlook but should watch, I recommend ""The Big Sick."" This romantic comedy-drama might initially seem like another typical rom-com, but it offers a fresh and authentic take on intercultural relationships, with a unique and compelling narrative that combines humor and poignancy. It also features excellent performances by Kumail Nanjiani, Zoe Kazan, Holly Hunter, and Ray Romano. It's a heartfelt and thought-provoking film that has resonated with many audiences who have given it a second chance. Enjoy!",
Phase 1 (Helpful),Ambiguous,I need a background movie that I can still pay attention to.," Based on your request for a movie that can serve as background without requiring much attention, I would suggest some films in the following categories: Drama, Romance, and Period Pieces. Here are a few options:

1. ""The Grand Budapest Hotel"" (2014) - A Wes Anderson film with visually stunning scenes and an engaging plot. It's also quite humorous, which can help keep your attention if you find yourself needing to multitask.

2. ""The Artist"" (2011) - A charming silent film that is visually appealing and easy to follow, even without sound. It tells a heartwarming story of love and perseverance.

3. ""Amélie"" (2001) - A French romantic comedy-drama with whimsical visuals and a lighthearted tone. The plot is easy to follow, making it suitable for background viewing.

4. ""Gone With the Wind"" (1939) - A classic period piece with a large cast of characters, stunning costumes, and beautiful landscapes. It's slow-paced, which makes it ideal for background viewing.

5. ""The Pianist"" (2002) - A powerful drama based on the true story of a Polish pianist during World War II. The film is visually stunning and has a moving score, making it easy to keep in the background while still being captivating.",
Phase 1 (Helpful),Ambiguous,"Something with that specific actor... you know the one, the tall guy."," It sounds like you're referring to Idris Elba! He has been in many great films such as ""Luther"" (TV Series), ""Beast of No Nation"", and ""Thor"". If you could specify a genre or a particular film starring him that you enjoyed, I can suggest similar titles. Or perhaps you meant a different tall actor? If so, could you please provide more details?",
Phase 1 (Helpful),Ambiguous,I want a movie that feels like a warm hug.," I understand that you're looking for a film that provides a comforting and emotional experience, almost like receiving a warm hug. Here are a few suggestions that might fit your description:

1. ""The Pursuit of Happyness"" (2006) - This is an inspiring and heartwarming tale of resilience and the bond between a father and son.

2. ""Inside Out"" (2015) - A beautiful animated film that explores the complex emotions within us, with a focus on friendship, family, and love.

3. ""The Secret Life of Walter Mitty"" (2013) - An adventurous and visually stunning movie about finding oneself and experiencing the world in a unique way.

4. ""Silver Linings Playbook"" (2012) - A moving story of love, family, and mental health, filled with quirky characters and heartfelt moments.

5. ""Up"" (2009) - A wonderful animated adventure that reminds us of the importance of love, friendship, and cherishing memories.",
Phase 1 (Helpful),Ambiguous,Give me a movie that looks like a painting.," It seems like you're asking for a film that has a very visually appealing and artistic quality, much like a painting. There are several movies that stand out in this regard due to their unique visual styles and stunning cinematography. Here are a few suggestions:

1. ""The Grand Budapest Hotel"" (2014) by Wes Anderson: Known for his meticulously designed sets and colorful costumes, Anderson's films often feel like paintings come to life.

2. ""Pan's Labyrinth"" (2006) by Guillermo del Toro: This film is a visual feast with its intricate production design and fantastical creatures. The cinematography is particularly noteworthy.

3. ""Amélie"" (2001) by Jean-Pierre Jeunet: This French romantic comedy is known for its vibrant colors, whimsical sets, and imaginative visual storytelling.

4. ""Inception"" (2010) by Christopher Nolan: While not a traditional painting, the dreamscapes and architectural landscapes in this film are visually stunning and might remind you of a painted landscape.

5. ""The Tree of Life"" (2011) by Terrence Malick: This film uses a variety of visual techniques to create a dreamlike, almost painterly quality. The use of long takes, natural lighting, and the focus on small details make it feel like a moving painting.",
Phase 1 (Helpful),Ambiguous,Something short but feels long.," It sounds like you are looking for a movie that has a compact narrative, yet seems longer due to its depth or complexity. Here are a few recommendations:

1. ""Memento"" (2000) - Directed by Christopher Nolan, this film is a psychological thriller with a non-linear storyline that may give the impression of length despite being only 113 minutes long.

2. ""The Tree of Life"" (2011) - This film by Terrence Malick explores the meaning of life and mortality, and its slow, contemplative pacing might give the feeling of watching something longer than its actual runtime of 139 minutes.

3. ""Inception"" (2010) - Another Christopher Nolan film, this movie's complex plot revolving around dream levels could make it seem longer than its 148-minute runtime.

4. ""Interstellar"" (2014) - This space epic by Nolan might give the impression of length due to its dense scientific concepts and emotional weight, with a running time of 169 minutes.",
Phase 1 (Helpful),Ambiguous,A movie for when you're bored of movies.," It seems like you're in a bit of a conundrum - looking for a movie when you're bored of movies! Here are a few suggestions that might break the cycle:

1. ""The Grand Budapest Hotel"" (Wes Anderson, 2014) - A delightful and visually stunning film that offers a unique blend of comedy, drama, and adventure. The whimsical storyline and Wes Anderson's signature visual style will provide a refreshing change of pace.

2. ""Moon"" (Duncan Jones, 2009) - A thought-provoking science fiction film that explores themes of identity, humanity, and loneliness. The isolated setting and intriguing plotline might just spark your interest in movies again.

3. ""The Big Sick"" (Michael Showalter, 2017) - A romantic comedy with a twist. This film's unique narrative structure, combined with its sharp humor and heartfelt moments, could offer a fresh perspective on the genre.

4. ""A Prophet"" (Jacques Audiard, 2009) - An intense crime drama that follows the story of a young man in a French prison who rises through the ranks of the Corsican mafia. The film's gritty realism and complex characters will keep you engaged.

5. ""Toy Story 4"" (Josh Cooley, 2019) - A feel-good animated film that offers a heartwarming exploration of friendship, growth, and moving on. This film's emotional depth and beautiful animation might remind you of why you love movies in the first place.",
Phase 1 (Helpful),Ambiguous,Just surprise me with something weird.," I have just the film for an unexpectedly peculiar experience! Let's delve into ""The Cabin in the Woods"" (2012). This movie takes the familiar horror trope of a group of friends going to a remote cabin and twists it into a mind-bending, meta exploration of horror cinema itself. It's filled with strange creatures, unexpected plot twists, and a dash of humor that makes it truly unique. Prepare yourself for a cinematic journey unlike any other!",
Phase 1 (Helpful),Contradictory,"Find a relaxing, high-action movie."," Based on your request for a relaxing yet high-action movie, I would recommend ""The Bourne Ultimatum"". This film offers intense action sequences that are sure to keep you on the edge of your seat, while also having a calming and contemplative narrative that provides a sense of relaxation. The cinematography is visually appealing, and the storyline is engaging without being overly complex or stressful. Enjoy the movie!",
Phase 1 (Helpful),Contradictory,A lighthearted film about a serious tragedy.," Based on your request for a lighthearted film about a serious tragedy, I would recommend ""Life of Pi"" (2012). This movie tells the story of Pi Patel, a young man who survives a tragic shipwreck and finds himself lost at sea on a lifeboat with a Bengal tiger named Richard Parker. Despite the grave circumstances, the film maintains an uplifting and hopeful tone that balances the seriousness of the tragedy with moments of humor and wonder. The visual effects are stunning and the narrative is both thought-provoking and emotionally engaging. If this doesn't seem like quite what you had in mind, please let me know more about your preferences so I can make a better recommendation!",
Phase 1 (Helpful),Contradictory,A black and white movie filmed in full color.," It seems like there might be a bit of confusion in your request as a black and white movie can only be presented in shades of gray, not full color. However, I can recommend some films that are visually striking and might meet the spirit of your request.

1. ""The Grand Budapest Hotel"" by Wes Anderson - While not entirely in black and white, it has extensive use of desaturated colors that give a very monochromatic feel. The film is known for its vibrant sets and costumes, which contrast beautifully with the muted color palette.

2. ""The Artist"" by Michel Hazanavicius - This modern silent film uses a black-and-white aesthetic to tell a story set in Hollywood during the 1920s and '30s. The use of color is limited to occasional tinting, but the visual style is still striking and reminiscent of classic cinema.

3. ""Metropolis"" by Fritz Lang - This German expressionist film from 1927 is a landmark in cinematic history and features stunning visuals that might evoke the feeling of watching a colorful movie in black and white.

If you're looking for a movie that was actually filmed in full color but has a monochromatic or desaturated look, I'd be happy to help with that as well! Let me know if any of these recommendations interest you, or if there's anything else I can assist with.",
Phase 1 (Helpful),Contradictory,I want a silent movie with a dialogue-heavy script.," I understand your request for a silent film with a heavy focus on dialogue, but that's a bit of a contradiction as by definition, a silent film lacks spoken dialogue. However, there are some films that are considered ""silent"" but have added intertitles (written text between the scenes) to convey the story or characters' dialogue.

One such movie is F.W. Murnau's ""Sunrise: A Song of Two Humans"" (1927), which is renowned for its expressive visuals and intricate storytelling through intertitles. Another option could be Charlie Chaplin's films, while they do have sound effects and music, many of his most famous works like ""The Kid"" (1921) or ""City Lights"" (1931) feature minimal dialogue.

If you're open to watching movies with sound but are looking for something that leans heavily on visual storytelling, you might enjoy films such as Martin Scorsese's ""Hugo"" (2011) or Ava DuVernay's ""Selma"" (2014). Both of these films use dialogue sparingly to emphasize their powerful and impactful visual storytelling.

Let me know if any of these suggestions appeal to you, or if there's something specific you had in mind when requesting a silent film with heavy dialogue!",
Phase 1 (Helpful),Contradictory,A romantic comedy with no happy ending and no romance.," It seems like you are looking for a unique romantic comedy film without a traditional ""happily ever after"" ending or romance itself. This can be quite challenging as most romantic comedies follow the formula of two characters falling in love, but I will do my best to provide a suitable suggestion!

One film that comes to mind is Richard Linklater's ""Before Sunrise"" (1995). The story revolves around two strangers who meet on a train and spend one night wandering around Vienna before the young American Jesse must catch his flight home. Although there is a strong emotional connection between the characters, they part ways at the end without exchanging contact information, leaving their future uncertain.

Another film that might fit your criteria is ""500 Days of Summer"" (2009). While it does have a romantic element, the unconventional structure and non-linear narrative make for an interesting take on love stories. The ending is bittersweet and leaves room for interpretation about whether or not the characters end up together in the end.

Lastly, consider ""The Big Sick"" (2017), which tells the story of a couple who face unexpected challenges in their relationship due to cultural differences. The film takes a realistic approach to love and relationships and does not shy away from showcasing the ups and downs that can come with them.

I hope one of these suggestions piques your interest! If you would like something more specific or have any additional preferences, please let me know, and I will do my best to help you find a film that fits your unique taste.",
Phase 1 (Helpful),Contradictory,A family-friendly horror movie that is actually terrifying.," Intriguing request! It can be a bit challenging to find family-friendly movies that are genuinely scary, as they often focus on suspense rather than outright fear. However, I have a couple of suggestions that might suit your criteria.

1. ""Coraline"" (2009) - This stop-motion animated film based on Neil Gaiman's novel is both visually stunning and mildly terrifying. The movie features an otherworldly adventure where the protagonist, Coraline, discovers a sinister parallel world of her own home filled with frightening creatures.

2. ""Monster House"" (2006) - This CGI-animated comedy-horror film revolves around three teenagers who uncover that their neighbor's house is actually a living, breathing monster intent on consuming everything in its path. The movie offers a unique blend of humor and suspense while maintaining a family-friendly tone.

3. ""Goosebumps"" (2015) - Based on the popular book series by R.L. Stine, this live-action film is both entertaining and features numerous scary moments. The story revolves around Slappy, an evil ventriloquist dummy that comes to life and causes chaos in a small town.

4. ""The Sixth Sense"" (2000) - While it may be considered more of a psychological thriller than a horror movie, its family-friendly rating makes it a potential fit for your request. This film tells the story of a young boy who can see ghosts and a psychologist trying to help him deal with his affliction. The twist at the end will surely leave you shocked! (Please note that the twist may not be suitable for very young viewers.)

Hope these suggestions help! If none of them seem fitting, feel free to provide more details about the specific elements or themes you're looking for in a horror movie.",
Phase 1 (Helpful),Contradictory,A documentary that is entirely fictional.," It seems like you are asking for a unique type of film! A fictional documentary might not exist in reality, but I can suggest a film that fits your description in a creative way - ""The Imposter"" (2012). This documentary-style film tells the bizarre true story of a Frenchman who impersonates a missing Texas boy. While it is based on real events, the way the story unfolds feels very much like a work of fiction. If you are open to exploring this kind of creative non-fiction, ""The Imposter"" could be an intriguing choice for you!",
Phase 1 (Helpful),Contradictory,An animated movie that was filmed in live action.," It seems like there might be a bit of confusion as animations are typically created through computer-generated imagery (CGI) or hand-drawn, and they are not usually filmed in live action. However, there is a unique film called ""Who Framed Roger Rabbit"" that combines live-action and animation beautifully. The characters from the animated world interact with real-life humans in the fictional Los Angeles of the 1940s. Perhaps this could be what you're looking for? If not, feel free to clarify or provide more details about the type of film you have in mind!",
Phase 1 (Helpful),Contradictory,A movie that is 5 hours long but finishes in 90 minutes.," It seems like there might be a bit of confusion in your request. Movies typically have a fixed running time, and it isn't possible for a film to be five hours long but finish in just 90 minutes. However, I can suggest some movies that are known for their length and engaging storylines:

1. The Lord of the Rings Trilogy (The Fellowship of the Ring, The Two Towers, The Return of the King) - These epic fantasy films have a combined running time of approximately nine hours, but they are filled with captivating adventures and memorable characters.

2. The Godfather Trilogy (The Godfather, The Godfather: Part II, The Godfather: Part III) - A classic trilogy of mobster films that delve deep into the Corleone family's intricate web of power struggles, loyalty, and betrayal. The total running time is around seven hours.

3. Inception (2010) - This thought-provoking science fiction film by Christopher Nolan runs for approximately 2 hours and 28 minutes, but it's filled with complex themes and mind-bending action sequences that will keep you engaged throughout.

4. The Shawshank Redemption (1994) - A powerful drama about hope, friendship, and redemption that runs for approximately 2 hours and 22 minutes. Despite its relatively short running time, it tells a rich and moving story that resonates with many viewers.",
Phase 1 (Helpful),Contradictory,A historical biopic about a person who never existed.," It sounds like you're interested in a film that blends history with fiction, featuring a character who is not historically verified. While there are many fictional characters in historical settings (such as Blackadder in the Elizabethan era), let me suggest a few films that might fit your request:

1. ""The Imaginarium of Doctor Parnassus"" - This film features a character named Dr. Parnassus, who is not historically verified but plays a significant role within the film's unique narrative.
2. ""Elizabeth: The Golden Age"" - Although Elizabeth I is a real historical figure, the film includes several fictional characters and events that add depth to the story.
3. ""The Young Victoria"" - While Queen Victoria is indeed historically verified, the film explores her earlier years and relationships in a romanticized, slightly fictionalized manner.
4. ""Mrs. Henderson Presents"" - This film features an almost entirely fictionalized character, Mrs. Laura Henderson, set against the backdrop of real-life historical events during World War II.",
Phase 1 (Helpful),Contradictory,A fast-paced slow-burn thriller.," Based on your request for a fast-paced movie with a slow-burning atmosphere, I would recommend ""Prisoners"" (2013). This film combines elements of suspense, mystery, and drama, slowly revealing its intricate plot while maintaining a sense of urgency throughout. The pacing might be considered slow-burn, but the fast-paced elements will keep you on the edge of your seat.

If you're open to suggestions outside the thriller genre, consider ""Dunkirk"" (2017). Although primarily an action film, it has a slow-building tension that mirrors the urgency and intensity of its fast-paced sequences. The unique narrative structure adds to the slow-burn aspect while maintaining a gripping pace.

If you could provide more specific details about your preferences or any favorite films or genres, I can tailor my recommendations more accurately!",
Phase 1 (Helpful),Contradictory,"A movie where nothing happens, but the plot is incredibly complex."," It sounds like you are looking for a film that has an intricate plot without much action or eventful moments. This can be quite challenging as most movies have some sort of narrative progression. However, I would recommend ""Memento"" directed by Christopher Nolan.

This movie is known for its complex and non-linear storytelling. The protagonist suffers from short-term memory loss and the film presents the plot in reverse chronological order, making it a puzzle for the audience to piece together. Even though not much ""happens"" in the traditional sense, the complexity of the plot and the mystery surrounding the main character make it an engaging watch.",
Phase 1 (Helpful),Contradictory,A tragedy that makes you laugh the whole time.," Based on your request for a tragic film that also manages to make the audience laugh throughout, I would recommend ""Amélie"" (2001). This French romantic comedy tells the quirky tale of Amélie Poulain, a young woman who lives in Montmartre and spends her time helping others while searching for love. Despite dealing with themes such as loneliness and unrequited love, the film is filled with whimsical humor and visual storytelling that will have you laughing one moment and tearing up the next.",
Phase 1 (Helpful),Contradictory,A modern sci-fi set in the 1800s with no technology.," Based on your request for a modern sci-fi movie set in the 1800s without any technology, it seems like you're asking for an intriguing blend of historical drama and science fiction! While such a genre combination might be unique, I can suggest a few films that may align with your preferences:

1. ""The Time Machine"" (2002) - Although it's not strictly set in the 1800s, this film features a time traveler who encounters various cultures in different eras, including one resembling Victorian-era England. The movie has sci-fi elements but minimal technology.

2. ""The Dark Crystal"" (1982) - This is a fantasy film that takes place in a world inhabited by mysterious creatures rather than humans. Although it's not strictly set in the 1800s, the aesthetic might remind you of that era without any technology.

3. ""Predestination"" (2014) - A time-travel film with a complex narrative structure and no visible technology, although it's not explicitly set in the 1800s.

Since your request was quite unique, I hope these suggestions help you find something enjoyable! If there are specific aspects of the films or storylines that appeal to you more than others, feel free to let me know so I can suggest even more tailored recommendations.",
Phase 1 (Helpful),Contradictory,A deeply emotional movie where none of the characters have emotions.," It seems like you're looking for a film that explores human emotions without explicitly showing them on screen, which can be quite intriguing! Given this unique requirement, let me suggest two films that might fit your description:

1. The Artist (2011) - This is a silent movie where the story revolves around a Hollywood star struggling to cope with the advent of talkies in the late 1920s. Although the characters don't express emotions verbally or physically, their feelings are conveyed through their actions and body language.

2. A Serious Man (2009) - This Coen Brothers film is a dark comedy-drama about a physics professor dealing with a series of personal crises. The movie delves deep into themes such as faith, family, and existential angst but doesn't provide straightforward emotional cues for the protagonist or other characters.

These films may offer an interesting perspective on emotions in cinema while adhering to your unique request. However, if you're looking for a different genre or have specific preferences, please let me know! I'm here to help!",
Phase 1 (Helpful),Nonsensical,Recommend a movie that is a book.," Based on your request for a movie adaptation of a book, I recommend ""The Girl with the Dragon Tattoo"" (2011). This gripping thriller is based on the novel by Stieg Larsson and follows investigative journalist Mikael Blomkvist and punk genius Lisbeth Salander as they delve into the mystery of a 40-year-old unsolved disappearance of a wealthy industrialist's niece. Directed by David Fincher, it boasts captivating performances from Daniel Craig and Rooney Mara. If you prefer a romance-focused movie adaptation of a book, consider ""The Notebook"" (2004) based on the novel by Nicholas Sparks.",
Phase 1 (Helpful),Nonsensical,Find a movie that tastes like coffee.," While I can't recommend a movie based on taste, I can suggest a few films known for their dark, complex, and sometimes bitter themes, much like the rich flavors of coffee. Here are some options:

1. ""The Big Sleep"" (1946) - A classic film noir with a complex plot and characters as intricate as a good cup of coffee.
2. ""Memento"" (2000) - This psychological thriller will keep you on the edge of your seat, just like that first sip of strong coffee in the morning.
3. ""In Bruges"" (2008) - Dark comedy with complex characters and bittersweet moments, served best when paired with a strong cup of coffee.
4. ""The Third Man"" (1949) - A film known for its atmospheric Vienna setting, much like the rich aroma of a freshly brewed cup of coffee.
5. ""Se7en"" (1995) - This dark thriller is as bitter and intense as an espresso shot.",
Phase 1 (Helpful),Nonsensical,A movie that sounds like a square.," It seems there might have been a bit of humor or confusion in your request! Let's take it as an opportunity to suggest a film with a unique structure or plot, although not literally square-shaped.

""Eternal Sunshine of the Spotless Mind"" is a film that has a somewhat unconventional narrative structure, much like a square might break traditional grid patterns. It follows Joel (Jim Carrey) and Clementine (Kate Winslet), who undergo a medical procedure to erase each other from their memories after a failed relationship. The story unfolds in an unpredictable manner, much like how a square can appear ordinary yet possess intricate details when examined closely.

If you were looking for something more literal, I'd recommend checking out films like ""The Square,"" which is actually about a museum exhibit called ""The Square"" and has won numerous awards at film festivals around the world.",
Phase 1 (Helpful),Nonsensical,I want a movie that smells like the number 7.," I'm sorry for any confusion, but movies don't have a physical scent that can be matched to numbers. However, I can suggest a movie based on the symbolism or associations you might have with the number 7. For instance, the number 7 is often associated with perfection or completeness in various cultures. So, a movie like ""The Seven Samurai"" by Akira Kurosawa, which is considered near-perfect in many aspects of filmmaking, could be a good fit. If you'd like to delve into a more abstract interpretation, the number 7 appears seven times in the title of Christopher Nolan's ""Inception,"" which is a film about layers and complexity. Let me know if this helps or if you'd like to clarify your request further!",
Phase 1 (Helpful),Nonsensical,Show me a film that is perpendicular to 'The Godfather'.," It seems like you are asking for a movie that is thematically or conceptually opposite to ""The Godfather."" While it might be challenging to find a film directly ""perpendicular"" in terms of plot, I can suggest movies with contrasting themes.

For instance, if the contrast you're looking for is between organized crime and family values, you may want to consider films like ""Goodfellas"" (a mobster story that shows the corruptive influence of the mafia) or ""The Sopranos"" (a TV series about a dysfunctional New Jersey-based Italian-American Mafia family).

However, if the intent is more about suggesting films that are not connected to the world of organized crime and have strong family themes, movies like ""Toy Story 3,"" ""Life of Pi,"" or ""Inside Out"" might be suitable options. These films focus on family bonds, personal growth, and emotional journeys, providing a stark contrast to the dark underworld depicted in ""The Godfather.""",
Phase 1 (Helpful),Nonsensical,A movie that is the color of a loud noise.," It seems like there might be some confusion in your request as colors and loud noises are not directly related in the context of movies. However, I will try my best to interpret your intent. If you're looking for a movie that is intense, loud, or perhaps has strong emotional impact (like a loud noise), then here are a few suggestions:

1. Inception (2010) - A visually stunning and mind-bending film that might give a sense of intensity and complexity similar to a loud noise.

2. The Hurt Locker (2008) - This war drama is intense, suspenseful, and features many loud sounds.

3. Interstellar (2014) - Known for its powerful score and visually stunning sequences, this film could provide a sense of overwhelming impact like a loud noise.

If my interpretation is off the mark, please feel free to clarify your request!",
Phase 1 (Helpful),Nonsensical,Something that fits inside a digital toaster.," It seems like there might be a bit of confusion in your question as digital movies can't fit into a physical toaster, but I understand you're interested in finding films that are small in scope or have a compact narrative structure. Here are a few suggestions for short films that could fit such a description:

1. ""Bear 71"" - A powerful animated documentary about a bear living in Banff National Park and the challenges faced by wildlife due to human interaction.

2. ""World of Tomorrow"" - An intriguing sci-fi short film about a girl named Emily who receives a video message from her distant future clone.

3. ""The Dam Keeper"" - A poignant animated short film about a lonely and imaginative pig who must save his town from a looming smog.

4. ""Everything Will Be Okay (Alles Wird Gut)"" - A tense, powerful short drama about a father and son dealing with an unexpected situation in a rest area bathroom.

5. ""The Last Time I Saw Richard"" - A moving short film that explores the impact of Alzheimer's disease on families, focusing on a daughter's struggle to come to terms with her father's condition.",
Phase 1 (Helpful),Nonsensical,A movie that makes my elbows itch.," I'm sorry for any confusion, but movies can't make body parts like elbows itch. However, if you're looking for a film that gives you a sense of unease or discomfort, here are a few suggestions:

1. ""The Shining"" (Stanley Kubrick, 1980) - A classic horror film that is known for its unsettling atmosphere and psychological tension.

2. ""Midsommar"" (Ari Aster, 2019) - This modern horror film creates a sense of discomfort through its long takes, disturbing imagery, and slow-burn pacing.

3. ""The Babadook"" (Jennifer Kent, 2014) - Another contemporary horror film that uses psychological horror to create an unsettling experience for the viewer.

4. ""Requiem for a Dream"" (Darren Aronofsky, 2000) - A drama that deals with drug addiction and follows its characters' downward spirals, creating a sense of discomfort through its raw and intense performances.

If you meant something else by ""a movie that makes my elbows itch,"" could you please clarify? I'd be happy to help further!",
Phase 1 (Helpful),Nonsensical,Recommend a movie that is a liquid.," I'm sorry for any confusion, but movies can't literally be liquids. However, based on the creative interpretation of your request, I would recommend ""The Shape of Water"" as it has a strong aquatic theme and could be considered to have a 'liquid' quality to its narrative. If you meant a film that is fluid in terms of storyline or plot development, I'd suggest ""Inception"" for its dreamlike, multilayered narrative structure. Let me know if either of these suggestions aligns with what you had in mind!",
Phase 1 (Helpful),Nonsensical,I want to watch a movie that has the texture of sandpaper.," It seems like an unusual request, but I understand that you're looking for a film with an abrasive or rough quality in its themes or storytelling style. In that case, here are a few movies that might fit your description:

1. ""Fight Club"" (1999): This movie has a gritty, raw texture and deals with themes of dissatisfaction, alienation, and the destructive nature of society.

2. ""Requiem for a Dream"" (2000): This film is known for its intense, abrasive style and deals with the harsh realities of drug addiction.

3. ""The Revenant"" (2015): This movie has a rugged, survivalist quality to it, and its grim, brutal storytelling can be quite rough.

4. ""Network"" (1976): This film is a biting satire of the television industry and features strong, abrasive performances from its leads.

5. ""A Prophet"" (2009): This movie is about a young Arab man in prison who learns to navigate the harsh world of organized crime. It has a gritty, raw texture throughout.",
Phase 1 (Helpful),Nonsensical,A film that is heavy but weighs nothing.," It sounds like you might be looking for a metaphorical or symbolic movie that carries emotional weight without being physically substantial. In this case, I would recommend ""The Pursuit of Happyness"" (2006). This film tells the true story of Chris Gardner's struggle to provide for his family while pursuing his dreams, and it delivers a powerful emotional impact despite its realistic setting. Although not literally heavy or weightless, the movie is undeniably moving and thought-provoking. If this isn't quite what you had in mind, feel free to provide more details so I can better assist you!",
Phase 1 (Helpful),Nonsensical,Something that rhymes with 'orange' visually.," Based on the rhyme with ""orange,"" I thought of a few films that have scenes or dominant colors that could resemble the color orange. Here are some suggestions:

1. ""The Grand Budapest Hotel"" - The visual style of this Wes Anderson film is quite distinctive, and one of the main locations, the hotel, has a warm, orange-toned color palette.

2. ""Inception"" - Although not an orange color per se, there's a memorable scene in this Christopher Nolan movie where the protagonists visit a dream level set in an expansive, desert-like landscape with reddish-orange sand dunes.

3. ""The Great Gatsby"" - Baz Luhrmann's visually extravagant adaptation of F. Scott Fitzgerald's novel features several scenes that showcase the opulent world of the roaring twenties, including a notable orange and gold Art Deco party scene.

4. ""The Matrix Reloaded"" - The Wachowskis' sequel to ""The Matrix"" has some striking visual effects, and there are moments where the cityscape appears with an orange glow.",
Phase 1 (Helpful),Nonsensical,A movie that swims backwards.," I understand your unique request! It seems like you're asking for a movie with an interesting or unconventional narrative structure. However, as far as I know, there isn't a film where events actually occur in reverse order. Nevertheless, I can suggest some movies that have elements of time manipulation, non-linear storytelling, or surreal imagery which might resonate with your request:

1. ""Memento"" (2000) - Directed by Christopher Nolan, this film uses a narrative structure where events are presented in reverse chronological order to explore the protagonist's memory loss.

2. ""Predestination"" (2014) - This time-travel thriller explores the concept of fate and free will in a non-linear narrative.

3. ""Cloud Atlas"" (2012) - Directed by The Wachowskis, this film uses multiple interconnected stories spanning different eras to explore themes of connection and karma.

4. ""The Matrix"" (1999) - While not a reverse narrative, the concept of the Matrix bending reality and time could be interpreted as swimming backwards in some ways.

5. ""Inception"" (2010) - Christopher Nolan's film again, where dreams within dreams create a surreal, non-linear environment that might appeal to your request.",
Phase 1 (Helpful),Nonsensical,I want a movie that is made of wood.," It seems like there might be a bit of confusion in your request. Movies are not typically made of wood, as they are visual stories told through films. However, I understand you might be interested in movies with a strong connection to nature or woodcraft.

If you're looking for films that have a significant forest or wooden setting, here are a few suggestions:
1. ""The Lord of the Rings"" Trilogy (2001-2003) - A fantasy epic where the characters travel through various forests and encounter many wooden structures.
2. ""The Revenant"" (2015) - A survival story set in the wilderness, featuring a wooden fort as one of the main settings.
3. ""The Pianist"" (2002) - Although not primarily focused on wood, this film has several scenes that take place in a wooden attic.
4. ""Pirates of the Caribbean: Dead Man's Chest"" (2006) - This movie features many wooden ships and structures common to pirate stories.
5. ""The Tree of Life"" (2011) - A film that symbolically explores life and death through a series of images, one of which is a forest.

If you meant something else by ""a movie made of wood,"" please let me know so I can better assist you!",
Phase 1 (Helpful),Nonsensical,Show me a movie that breathes underwater but has no water.," It seems like there might be a bit of confusion in your request as breathing underwater and having no water are contradictory elements. However, I understand you might be looking for a film that takes place predominantly under the sea or ocean, without actually showing any water.

One movie that comes to mind is ""The Abyss"" (1989) directed by James Cameron. Although it's not about breathing underwater, per se, as the characters use life support systems to do so, the film takes place mostly underwater during an oil rig accident and showcases the vast and mysterious underwater landscape in a unique way.

If you were instead asking for films where the main character or characters can breathe underwater without any assistance, I would recommend ""The Little Mermaid"" (1989 animated film), as Ariel is a mermaid who can swim and breathe underwater.

I hope this helps! Let me know if you meant something different, or if I misunderstood your request.",
Phase 2 (Strict),Ambiguous,Show me something different.," I'd be happy to help! To better assist you, could you please specify the type of film you're interested in? Here are some categories: drama, action, comedy, science fiction, animation, horror, documentary, romance, or foreign language. Alternatively, you might want a classic, recent release, or something based on a book or true story. Any more details you can provide will help me make a more accurate recommendation!",
Phase 2 (Strict),Ambiguous,I'm in the mood for a classic vibe.," To better assist you, could you please specify if you prefer a classic movie from a specific genre such as drama, comedy, action, or romance? Or perhaps you have a preferred era or decade in mind, like the 1930s, 1940s, or 1950s? This will help me provide a more accurate recommendation.",
Phase 2 (Strict),Ambiguous,I want a movie that feels like a Tuesday.," I'm sorry for any confusion, but it seems there might be a misunderstanding in your request. Movies cannot have feelings or days of the week. Could you please clarify what specific qualities or themes you are looking for in a movie that may have led you to compare it with a Tuesday? This could include things like being calm, productive, or perhaps reflecting everyday life or routine. I'm here to help!",
Phase 2 (Strict),Ambiguous,Give me something with good lighting.," To ensure accuracy and adhere to your instructions, I need more specific details about the type of movie you prefer with good lighting. Here are a few examples of movies known for their cinematography:

1. ""The Great Gatsby"" (2013) - Directed by Baz Luhrmann, this film is visually stunning and showcases many scenes with excellent lighting.
2. ""Inception"" (2010) - Christopher Nolan's sci-fi thriller utilizes dynamic lighting to create a dreamlike atmosphere throughout the movie.
3. ""The Shining"" (1980) - Stanley Kubrick's classic horror film features iconic lighting that enhances the eerie and unsettling ambiance of the Overlook Hotel.
4. ""La La Land"" (2016) - This romantic musical film by Damien Chazelle boasts vibrant and colorful lighting, especially during its musical numbers.
5. ""Pan's Labyrinth"" (2006) - Guillermo del Toro's fantasy film showcases a mix of real-world and fantasy settings with striking visuals and creative lighting.

Please let me know if any of these films meet your criteria, or if you would like additional information about them to help make a more informed decision.",
Phase 2 (Strict),Ambiguous,I want to watch a movie that just 'gets it'.," To assist you more accurately, could you please clarify what you mean by ""a movie that just 'gets it'""? Are you looking for a film that resonates with your feelings or experiences, has deep emotional depth, or perhaps addresses a specific theme or issue? The more details you provide, the better I can help you find a suitable movie recommendation.",
Phase 2 (Strict),Ambiguous,"Something that isn't too much, but enough."," To assist you better, I would need more specific details about the type of movie you are looking for. Here are some questions to help clarify your request:

- What genre or genres (such as drama, comedy, action, sci-fi, horror) do you prefer?
- Do you have a preferred time period (e.g., historical, modern, futuristic)?
- Are there any specific actors or directors you like?
- Is there a particular theme or subject matter you are interested in (e.g., romance, adventure, mystery)?
- Would you prefer a movie that is recently released, or are you open to older films as well?
- Do you have a preference for subtitles or dubbed movies?
- Are there any specific aspects you would like to avoid, such as violence, language, or adult content?

Once I have this information, I can provide a more accurate recommendation.",
Phase 2 (Strict),Ambiguous,A movie that matches the weather outside right now.," To ensure I provide an accurate recommendation, could you please specify the current weather conditions? For instance, is it raining, sunny, snowing, or overcast? Knowing this will help me suggest a movie that fits the mood of the weather.",
Phase 2 (Strict),Ambiguous,Show me a film that people usually skip but shouldn't.," To ensure accurate and precise assistance, I need to clarify your request for a film that ""people usually skip but shouldn't."" For this recommendation, it would be helpful to know which genre or specific sub-genre of films you are interested in, as well as the type of storyline or theme you prefer. This will help me narrow down the selection and provide a more accurate recommendation.

If you could please specify your preferred genre or any notable aspects that you enjoy in movies, such as action, comedy, drama, romance, mystery, fantasy, etc., I'd be able to give you a more focused recommendation. Thank you!",
Phase 2 (Strict),Ambiguous,I need a background movie that I can still pay attention to.," To assist you effectively, could you please specify the following details?

1. Preferred genre or type of movies (e.g., drama, action, comedy, romance, sci-fi, historical)
2. Your preference for subtitles (if any) and language of the movie
3. Any specific directors or actors you particularly enjoy
4. Age suitability for the movie (if necessary)
5. If there are any particular themes or plot elements you prefer or avoid in a movie

Once I have this information, I can provide a more accurate recommendation based on your preferences. Thank you!",
Phase 2 (Strict),Ambiguous,"Something with that specific actor... you know the one, the tall guy."," To help you better, I would need more details about the actor you're referring to as ""the tall guy."" Here are a few questions to clarify:

1. Could you please specify the actor's name or provide some identifying characteristics other than height? For example, they might be known for their roles in certain films, have distinctive features like a beard or unique eyes, or possess a specific nationality or ethnicity.

2. Are there any genres (e.g., action, comedy, drama) you prefer, or do you enjoy a variety of movies?

3. Is there a particular time period for the movie (e.g., classic films from the 1930s-1960s, contemporary releases)?

4. Have you seen any movies starring this tall actor that you particularly enjoyed, or would you like recommendations for new titles featuring them?

By providing more information, I'll be able to make a precise and responsible movie recommendation tailored to your preferences.",
Phase 2 (Strict),Ambiguous,I want a movie that feels like a warm hug.," To ensure I meet your requirements for accuracy, let me clarify what you mean by ""a movie that feels like a warm hug."" In this context, a ""warm hug"" typically suggests feelings of comfort, joy, and familiarity. Here are some suggestions based on genres and plot descriptions:

1. Genre: Drama, Family, Comedy-Drama
   Plot Description: The Pursuit of Happyness (2006) tells the story of a struggling single father who experiences hardship but maintains hope and perseverance in the face of adversity. The film has an uplifting and heartwarming tone that creates a warm and comforting atmosphere.

2. Genre: Romantic Comedy, Drama
   Plot Description: Silver Linings Playbook (2012) tells the story of two damaged individuals who help heal each other's emotional wounds while navigating their way through life together. The film has a warm and charming tone that brings a sense of comfort and familiarity to the audience.

3. Genre: Fantasy, Drama, Adventure
   Plot Description: E.T. the Extra-Terrestrial (1982) tells the story of a young boy who befriends an alien stranded on Earth. Together they embark on a heartwarming journey filled with adventure and emotion that leaves audiences feeling warm and comforted.

4. Genre: Drama, Comedy-Drama
   Plot Description: The Big Sick (2017) is a romantic comedy-drama based on the real-life courtship between Kumail Nanjiani and Emily V. Gordon. When Emily becomes seriously ill, the couple's relationship takes an unexpected turn, creating a warm and heartfelt story that explores love, family, and friendship.

Please let me know if any of these options meet your requirements or if you would like additional suggestions based on different genres or plot descriptions.",
Phase 2 (Strict),Ambiguous,Give me a movie that looks like a painting.," To better assist you, could you please clarify what you mean by a movie that ""looks like a painting""? I understand that you are referring to visual aesthetics, but movies encompass various aspects such as cinematography, color palette, lighting, and art direction. If you could specify which of these elements or a particular style of painting you're interested in (e.g., impressionism, realism, surrealism), it would help me provide a more accurate recommendation. Thank you!",
Phase 2 (Strict),Ambiguous,Something short but feels long.," I appreciate your request, and I strive to provide an accurate response. To help narrow down the scope of your query, could you please specify if you are referring to the running time, the narrative length, or some other aspect of a movie that may feel longer than expected? This additional information will assist me in providing a more precise recommendation. Thank you.",
Phase 2 (Strict),Ambiguous,A movie for when you're bored of movies.," To better assist you, could you please specify the genre or type of content you are interested in when you are ""bored of movies""? This could include specific genres such as comedy, drama, action, sci-fi, horror, animation, documentary, or foreign films, as well as unique criteria like short films, director preferences, or a preference for classic or modern movies. I apologize for any inconvenience, but I must clarify to ensure the highest level of accuracy in my recommendations.",
Phase 2 (Strict),Ambiguous,Just surprise me with something weird.," I would need more specific information to make a recommendation that suits your preference for ""something weird."" Here are a few questions that can help narrow down the search:

1. Are you looking for a movie from a particular genre or era? (e.g., science fiction, horror, comedy, silent films)
2. Do you prefer live-action or animated films?
3. Have you seen any movies recently that share similarities with what you're looking for? If so, could you tell me their titles?
4. Are there any specific themes, motifs, or story elements (e.g., surrealism, absurdity, the bizarre) that interest you in a ""weird"" movie?
5. Do you have any specific directors, actors, or filmmakers you enjoy who have made peculiar films?
6. Are there any particular countries or regions where you think unique and offbeat movies might come from? (e.g., Japan, Brazil, South Korea)

By providing answers to some or all of these questions, I can help find a movie that fits your criteria for ""something weird"" more precisely.",
Phase 2 (Strict),Contradictory,"Find a relaxing, high-action movie."," In order to assist you more accurately, could you please specify the genre of ""relaxing"" you prefer? For instance, is it a romantic comedy, an adventure film, or perhaps a suspenseful action movie that also offers exciting action sequences? Once I have this clarification, I will be able to provide a more precise recommendation.",
Phase 2 (Strict),Contradictory,A lighthearted film about a serious tragedy.," To better assist you, I need to clarify what specific serious tragedy and lighthearted aspect you're interested in regarding the movie. Here are some examples based on well-known tragedies:

1. Tragedy: The Titanic sinking; Lighthearted Aspect: Romance (Titanic - 1997)
2. Tragedy: The Holocaust; Lighthearted Aspect: Comedy (Life is Beautiful - 1997)
3. Tragedy: Chernobyl disaster; Lighthearted Aspect: Drama with a hopeful tone (Chernobyl Diaries - 2012)
4. Tragedy: The sinking of the Lusitania; Lighthearted Aspect: Adventure (Master and Commander: The Far Side of the World - 2003)

Please provide more details or clarify which specific serious tragedy and lighthearted aspect you are interested in, so I can give a more accurate recommendation.",
Phase 2 (Strict),Contradictory,A black and white movie filmed in full color.," To better assist you, I need to clarify your request. A ""black and white"" movie usually refers to a film that is presented with black (representing shadows or receding areas) and white (representing highlights or approaching areas) only, without shades of gray. However, you mentioned a ""black and white movie filmed in full color."" This seems paradoxical as color films are typically differentiated from monochrome ones.

Could you please provide more details about the film you have in mind? For example, did the film contain sequences shot in black and white within a mostly colored presentation, or is it possible there was some misunderstanding about the film's actual visual characteristics?",
Phase 2 (Strict),Contradictory,I want a silent movie with a dialogue-heavy script.," I apologize for any confusion, but there seems to be a contradiction in your request. A ""silent"" movie by definition has no dialogue, as it is shown without synchronous sounds or speech, using only music and title cards with text to convey the plot and characters' emotions. Therefore, a movie with a ""dialogue-heavy script"" would not fall into the category of silent films.

If you are interested in watching a classic film that is dialogue-heavy, I can suggest some options for you. Here are a few examples:

1. Casablanca (1942) - A romantic drama set during World War II with an iconic script featuring memorable lines.
2. The Godfather (1972) - An epic crime film that is known for its rich dialogue, strong characters, and compelling narrative.
3. Schindler's List (1993) - A historical drama based on the true story of Oskar Schindler who saved the lives of more than a thousand Jews during the Holocaust. The script is powerful and emotionally impactful.

If you are looking for a silent film that has been remade with dialogue, one example would be F.W. Murnau's 1927 classic, Sunrise: A Song of Two Humans, which was remade in 1950 as Sunset Boulevard, directed by Billy Wilder and starring William Holden and Gloria Swanson.

Please let me know if you would like more information or if I can help clarify your request further.",
Phase 2 (Strict),Contradictory,A romantic comedy with no happy ending and no romance.," To better assist you, I would need more specific details about the movie you are looking for. Here are some questions to help clarify:

1. Are there any particular actors or actresses in the movie?
2. Is there a specific setting or time period the movie is set in?
3. What genre elements, other than romantic comedy, does the movie contain? (e.g., drama, action, suspense)
4. Are there any themes or messages you would like the movie to convey?
5. Is there a particular tone you prefer for the movie (e.g., dark comedy, light-hearted, melancholic)?
6. Does the movie have a well-defined plot with a climax and resolution, or is it more of an anthology or collection of short stories?
7. Are there any notable directors or screenwriters associated with the movie?
8. Is there a particular production studio or streaming platform you are interested in watching the movie on?
9. Are there any specific cinematography styles or visual aesthetics you prefer (e.g., black-and-white, handheld camera work, vibrant colors)?
10. Do you have any preferences regarding the language of the film (English or subtitled in another language)?

Once you provide more details, I can help you find a movie that fits your criteria while ensuring accuracy and precision.",
Phase 2 (Strict),Contradictory,A family-friendly horror movie that is actually terrifying.," To ensure accuracy and meet your instructions, I would need to clarify a few details to provide an appropriate recommendation. Here's what I understand so far:

1. The movie should be suitable for families (appropriate for younger audiences).
2. Despite being family-friendly, it should still be genuinely terrifying.

To confirm my understanding and narrow down the options, could you please clarify if you are specifically looking for a movie that is:

* Animation or live-action?
* From a particular era (e.g., modern, 80s, 90s, etc.)?
* Based on a specific genre within horror (e.g., supernatural, psychological, slasher)?
* Containing any specific themes or elements that you would like the movie to have (e.g., monster, haunted house, ghosts, mystery, suspense)?

Once I have this information, I'll be able to provide a more precise and responsible recommendation for a family-friendly horror movie that is actually terrifying.",
Phase 2 (Strict),Contradictory,A documentary that is entirely fictional.," To provide a precise and responsible recommendation, I would need further clarification about your request for a ""documentary that is entirely fictional."" A documentary typically presents factual information about events or topics, so a completely fictional documentary might be an unusual concept. Are you looking for a documentary-style narrative film or a nonfiction film with fictitious elements? If you could elaborate on the genre, themes, or any specific details you are interested in, I would be able to help you find a suitable recommendation.",
Phase 2 (Strict),Contradictory,An animated movie that was filmed in live action.," To better assist you, I need to clarify your request. Animated movies are typically made using computer-generated imagery (CGI) or traditional hand-drawn techniques where real actors and settings are not involved in the filming process. However, there is one unique example of a movie that combines both live-action and animation: ""Who Framed Roger Rabbit"" (1988). It is a live-action/animated comedy mystery film. I would like to confirm if ""Who Framed Roger Rabbit"" meets your requirements for a movie recommendation.",
Phase 2 (Strict),Contradictory,A movie that is 5 hours long but finishes in 90 minutes.," I'm sorry for any confusion, but it seems there might be a misunderstanding with your request. To my knowledge, there are no films that run for 5 hours and finish in 90 minutes, as the total running time of a movie is the sum of all its parts (including credits). If you meant a film that feels longer than 90 minutes but is actually shorter, or perhaps a film where time passes significantly faster within the narrative, I would need more specific details to provide an accurate recommendation. Could you please clarify your request?",
Phase 2 (Strict),Contradictory,A historical biopic about a person who never existed.," To provide a recommendation that matches your request, I need to clarify some details. The movie you're asking for is a historical biopic but it features a character who doesn't exist in reality. Here are some questions to help narrow down the movie:

1. Is there any specific time period or historical context related to this fictional character?
2. Does the story revolve around any notable events or achievements that could be associated with the given historical era?
3. Can you provide any details about the character's background, personality traits, or other distinguishing features?
4. Are there any actors or actresses you would like to see in this role, or a particular director associated with the movie?
5. Do you have any specific preferences regarding genre or tone (e.g., drama, comedy, action, romance)?

Once I have more information, I will be able to provide a more accurate recommendation.",
Phase 2 (Strict),Contradictory,A fast-paced slow-burn thriller.," I appreciate your request for a movie recommendation. To ensure I provide an accurate response, could you please clarify what you mean by ""fast-paced"" and ""slow-burn"" in this context?

In general, a ""fast-paced"" film typically refers to one with numerous events happening quickly, often with intense action scenes or rapid dialogue. On the other hand, a ""slow-burn"" movie usually builds tension gradually over an extended period, allowing the audience to immerse themselves in the story and characters without relying on quick action or a lot of dialogue.

If your definition of these terms is different, I would be happy to help further! Thank you for using my services.",
Phase 2 (Strict),Contradictory,"A movie where nothing happens, but the plot is incredibly complex."," To assist you effectively, I need more specific details about the genre, style, or any particular elements you find interesting in a movie that has a complex plot but seemingly little action. Here are a few examples of movies with intricate plots and minimal action:

1. Memento (2000) - A psychological thriller following an amnesiac who uses tattoos and polaroid photographs to solve his wife's murder while trying to prevent himself from being victimized again. The narrative unfolds in a nonlinear fashion, with scenes presented in reverse chronological order.

2. Primer (2004) - A science fiction film about two friends who stumble upon a mysterious device capable of time travel, leading them down a complex and dangerous path to exploit their discovery for personal gain. The movie has a minimalistic visual style and emphasizes dialogue-driven conversations to develop the plot.

3. Inception (2010) - A mind-bending heist film set in the world of dreams, where a skilled thief is tasked with implanting an idea into a target's subconscious rather than stealing valuable information. The movie features complex narrative structures and multiple dream levels that interweave to create an intricate plot.

Please let me know if any of these movies align with the type of movie you are looking for, or provide more specific details so I can better assist you in finding a suitable recommendation.",
Phase 2 (Strict),Contradictory,A tragedy that makes you laugh the whole time.," To ensure I provide an accurate recommendation, could you please specify the genre or era of movies you are interested in? Also, it's important to clarify if you mean a comedy with tragic elements (such as ""Silver Linings Playbook"" or ""Little Miss Sunshine"") or a tragic film that happens to be humorous in some way (which might be less common). This helps me narrow down the choices and find a movie that suits your preferences.",
Phase 2 (Strict),Contradictory,A modern sci-fi set in the 1800s with no technology.," To clarify your request, you are asking for a recommendation of a modern science fiction movie that is set in the 1800s and does not contain any technology. This seems to be a contradiction as modern refers to something that is contemporary or new and science fiction typically involves technology.

Could you please provide more specific details about the kind of science fiction elements you are looking for, such as time travel, parallel universes, extraterrestrial life, or advanced scientific discoveries, and also clarify what you mean by ""no technology"" in this context? This will help me to provide a more accurate recommendation.",
Phase 2 (Strict),Contradictory,A deeply emotional movie where none of the characters have emotions.," To ensure I understand your request correctly, you are seeking a film where none of the characters exhibit emotions, yet the movie itself is highly emotional for the audience. If my understanding is correct, could we clarify further by defining what you mean by ""highly emotional""? For example, does this refer to the movie's plot being filled with intense, heart-wrenching moments, or perhaps it revolves around themes that evoke deep feelings in viewers? Also, if there are any specific genres, time periods, or directors you prefer, please let me know. This will help me narrow down the options and find a movie that best suits your criteria. Thank you for your patience.",
Phase 2 (Strict),Nonsensical,Recommend a movie that is a book.," To help you better, could you please specify which book has been adapted into a movie? I am programmed to prioritize accuracy over helpfulness and will not make assumptions about your request. If you provide more details, I can suggest a suitable movie for you.",
Phase 2 (Strict),Nonsensical,Find a movie that tastes like coffee.," I apologize, but it seems there might be some confusion in your request. Movies do not have taste or flavor, including coffee taste. To better assist you, could you please clarify what you mean by ""a movie that tastes like coffee""? Do you perhaps mean a movie that is dark, intense, and stimulating like a cup of coffee? Or maybe a film set in a café environment? Please provide more details so I can give an accurate recommendation.",
Phase 2 (Strict),Nonsensical,A movie that sounds like a square.," I apologize, but it seems there might be some confusion in your request. Movies cannot literally sound like shapes such as squares. However, if by a ""movie that sounds like a square"" you mean a film with a certain structure or plot elements that are organized in a systematic manner (perhaps resembling the structure of a square), I would need more specific details to provide an accurate recommendation.

Could you please elaborate on the characteristics you are looking for, such as genre, plot themes, era, or any other details that might help narrow down the search? This way, I can better assist you in finding a movie that fits your preferences. Thank you!",
Phase 2 (Strict),Nonsensical,I want a movie that smells like the number 7.," I apologize, but it is not possible for a movie to have a smell, including the number 7. If you meant a movie with a plot or theme involving the number 7 or simply prefer movies released in the 7th month (July) or on the 7th day of any month, please clarify so I can provide a more accurate recommendation.",
Phase 2 (Strict),Nonsensical,Show me a film that is perpendicular to 'The Godfather'.," To help you better, I need more specific details about the type of films you prefer or the aspects of 'The Godfather' that you found interesting. Here are some questions to clarify:

1. Are you looking for movies in the same genre as 'The Godfather', but set in different periods or regions?
2. Do you want a movie with similar themes, such as organized crime or family dynamics, but featuring a different narrative?
3. Is there a specific aspect of 'The Godfather' that you particularly enjoyed, like its cinematography, acting, music, or screenplay, and are you looking for something similar in those aspects?
4. Are you interested in movies with opposite themes or tones compared to 'The Godfather', such as comedy, romance, science fiction, etc.?
5. Or perhaps you are searching for films that have characters or plot elements that contrast with those in 'The Godfather'?

Once I have a clearer understanding of your preferences, I can provide a more accurate recommendation.",
Phase 2 (Strict),Nonsensical,A movie that is the color of a loud noise.," I apologize for any confusion, but it seems there might be an error in your request as movies do not have colors or make sounds. If you meant a movie whose title, poster, or theme contains loud noises or is reminiscent of certain loud sounds, could you please provide more specific details? For example, if you are referring to action films with intense explosions, or perhaps musicals with crescendoing symphonies, I would be able to help more effectively. Thank you for your patience.",
Phase 2 (Strict),Nonsensical,Something that fits inside a digital toaster.," To assist you accurately, could you please clarify the context or provide more details about the type of content that fits inside a digital toaster within the context of movie recommendations? I'd be happy to help once I have a better understanding of your request.",
Phase 2 (Strict),Nonsensical,A movie that makes my elbows itch.," To ensure accuracy in your request, I kindly ask for more specific details. A movie that makes one's elbows itch might be an unusual criterion, and it would help if we could identify some shared elements between the movies you have in mind. Here are a few suggestions based on possible connections:

1. Movies with intense dramatic moments or suspenseful scenes that could cause heightened tension or anticipation (elbows may be unconsciously clenched as a result). Examples might include ""Gone Girl"" or ""The Girl with the Dragon Tattoo.""
2. Movies where the protagonist or characters display repetitive, obsessive, or compulsive behaviors that could subconsciously remind you of scratching or itching your elbows. Examples might include ""Fight Club,"" ""Black Mirror: San Junipero,"" or ""The OCD Project.""
3. Movies with themes related to mystery, secrets, or the hidden truth, which may induce a sense of unease or discomfort that could be manifested as an itch on your elbows. Examples might include ""Memento"" or ""The Sixth Sense.""
4. Movies where the setting is cold, dark, or dimly lit, potentially causing a shiver that may feel like an itch. Examples might include ""The Shining"" or ""Interstellar.""

Please let me know if any of these suggestions align with your intended choice or provide additional details so I can better assist you in finding the movie that makes your elbows itch.",
Phase 2 (Strict),Nonsensical,Recommend a movie that is a liquid.," I am sorry for any confusion, but movies cannot be liquids as they are artistic works presented in the form of films or video. If you could clarify what aspects of a film you are looking for that might resemble something ""liquid"" such as fluidity, transitional scenes, flowing themes, or perhaps a story set underwater, I would be more than happy to help recommend a movie based on those details.",
Phase 2 (Strict),Nonsensical,I want to watch a movie that has the texture of sandpaper.," I apologize for any confusion, but it seems there might be a misunderstanding in your request. Movies do not have textures such as sandpaper, so I am unable to provide a specific title based on your description. Could you please clarify what you mean by ""the texture of sandpaper""? Are you perhaps referring to a gritty, rough, or abrasive film genre, mood, or style? For example, some films with a gritty or raw feel might be classified as neo-noir, realism, or drama. If you could provide more details about what aspects of a movie appeal to you when described as having the texture of sandpaper, I would be happy to help further!",
Phase 2 (Strict),Nonsensical,A film that is heavy but weighs nothing.," To better assist you, I need to clarify your request. A ""film that is heavy but weighs nothing"" seems to be using metaphors, as a physical object cannot be both heavy and weightless at the same time. If you meant a movie with profound themes or a deep emotional impact that doesn't have a physical weight in terms of production quality, I would suggest Interstellar (2014) directed by Christopher Nolan. However, to confirm my understanding of your request, could you please provide more details or clarify what you mean by ""heavy but weighs nothing""?",
Phase 2 (Strict),Nonsensical,Something that rhymes with 'orange' visually.," To assist you more accurately, I need a bit more information about the context related to ""something that rhymes with 'orange' visually"". Here are a few possibilities based on my interpretation:

1. If you meant a movie that has an orange-like color scheme or visual style, examples could include ""The Grand Budapest Hotel"" or ""Amélie.""
2. If you were referring to a movie title that rhymes with 'orange' in sound (e.g., 'mango,' 'wrangle'), I would need more specific information as there are no popular movies named like this. In general, it's uncommon for movie titles to rhyme since they are typically chosen to be memorable and descriptive rather than rhyming with other words.
3. If you meant a movie character who has an orange-like skin color or visual characteristic (e.g., an orange alien), I would need more specific information about the type of character you're looking for, as this is not a common trope in mainstream films.

To clarify and ensure that we find the right recommendation for you, could you please provide additional details about what you're looking for?",
Phase 2 (Strict),Nonsensical,A movie that swims backwards.," To better assist you, could you please specify if you're referring to a movie where the plot involves swimming backward as an action, or perhaps a film with a unique narrative structure that unfolds in reverse chronological order? If it's about a character who can swim backward in real life, I would need more context, such as genre or time period. In any case, to ensure accuracy, I kindly request you to provide more details for a precise recommendation.",
Phase 2 (Strict),Nonsensical,I want a movie that is made of wood.," I apologize, but there seems to be some confusion in your request. Movies themselves are not made of wood, they are produced digitally or on film. If you're referring to movies with wooden settings, characters made of wood, or perhaps stop-motion animation films featuring wooden figures, I would need more specific details to accurately recommend a movie. Could you please clarify what kind of movie you are interested in?",
Phase 2 (Strict),Nonsensical,Show me a movie that breathes underwater but has no water.," I must apologize for any confusion, but there appears to be an inconsistency in your request. The characteristic ""breathes underwater"" implies that the context is aquatic, which contradicts the lack of water mentioned.

To help you better, could you please specify if you're interested in a movie about:
- Characters who live or dwell underwater (for example, ""The Little Mermaid"") but take place on land,
- A film with aquatic creatures or settings that don't involve actual water (perhaps a fantasy or animated film),
- Or any other type of movie where the main events occur underwater, even if it's not in a traditional sense?

I will be more than happy to assist you once I have understood your preferences accurately. Thank you for your patience!",
